<?xml version="1.0" encoding="UTF-8"?>
<project-private xmlns="http://www.netbeans.org/ns/project-private/1">
    <editor-bookmarks xmlns="http://www.netbeans.org/ns/editor-bookmarks/2" lastBookmarkId="0"/>
    <open-files xmlns="http://www.netbeans.org/ns/projectui-open-files/2">
        <group>
            <file>file:/C:/Users/Bernard/Documents/NetBeansProjects/projectict2201p4_5/public_html/feature.html</file>
            <file>file:/C:/Users/Bernard/Documents/NetBeansProjects/projectict2201p4_5/public_html/component.html</file>
            <file>file:/C:/Users/Bernard/Documents/NetBeansProjects/projectict2201p4_5/public_html/leaderboard.html</file>
            <file>file:/C:/Users/Bernard/Documents/NetBeansProjects/projectict2201p4_5/public_html/style.css</file>
            <file>file:/C:/Users/Bernard/Documents/NetBeansProjects/projectict2201p4_5/public_html/register.html</file>
            <file>file:/C:/Users/Bernard/Documents/NetBeansProjects/projectict2201p4_5/public_html/index.html</file>
            <file>file:/C:/Users/Bernard/Documents/NetBeansProjects/projectict2201p4_5/public_html/process_login.html</file>
            <file>file:/C:/Users/Bernard/Documents/NetBeansProjects/projectict2201p4_5/public_html/control.html</file>
            <file>file:/C:/Users/Bernard/Documents/NetBeansProjects/projectict2201p4_5/public_html/js/script.js</file>
            <file>file:/C:/Users/Bernard/Documents/NetBeansProjects/projectict2201p4_5/public_html/control.css</file>
        </group>
    </open-files>
</project-private>
